datetime,activity
2022/8/26 13:55,other
2022/8/26 13:58,walking
2022/8/26 14:14,standing
2022/8/26 14:21,walking
2022/8/26 14:27,sitting
2022/8/26 14:29,eating
2022/8/26 14:45,lying
2022/8/26 17:02,bathroom
2022/8/26 17:03,walking
2022/8/26 17:07,driving
2022/8/26 17:11,walking
2022/8/26 17:28,sitting
2022/8/26 20:51,eating
2022/8/26 21:00,bathroom
2022/8/26 21:08,eating
2022/8/26 21:27,lying
2022/8/28 12:37,sitting
2022/8/28 13:34,eating
2022/8/28 13:50,lying
2022/8/28 15:58,sitting
2022/8/28 16:00,walking
2022/8/28 16:03,using_computer
2022/8/28 16:14,walking
2022/8/28 16:18,driving
2022/8/28 16:44,walking
2022/8/28 16:47,sitting
2022/8/28 17:37,walking
2022/8/28 17:39,sitting
2022/8/28 17:40,eating
2022/8/28 17:55,sitting
2022/8/28 18:22,eating
2022/8/28 18:27,walking
2022/8/28 18:38,sitting
2022/8/28 19:01,other
2022/8/28 19:03,bathroom
2022/8/28 19:07,walking
2022/8/28 19:09,driving
2022/8/28 19:33,walking
2022/8/28 19:47,standing
2022/8/28 19:49,walking
2022/8/28 20:17,walking
2022/8/28 20:19,sitting
2022/8/28 21:37,lying
2022/8/28 22:41,other
2022/8/29 10:38,other
2022/8/29 10:58,walking
2022/8/29 11:07,riding
2022/8/29 11:24,walking
2022/8/29 11:37,other
2022/8/29 12:24,walking
2022/8/29 12:33,sitting
2022/8/29 12:45,other
2022/8/29 16:28,walking
2022/8/29 16:56,other
2022/8/29 17:12,walking
2022/8/29 17:43,sitting
2022/8/29 18:00,eating
2022/8/29 18:13,walking
2022/8/29 18:25,eating
2022/8/29 18:47,walking
2022/8/29 19:10,sitting
2022/8/29 19:15,walking
2022/8/29 20:30,sitting
2022/8/29 20:31,eating
2022/8/29 21:00,sitting
2022/9/1 20:05,using_computer
2022/9/2 15:38,lying
2022/9/2 16:15,walking
2022/9/2 16:19,driving
2022/9/2 17:10,walking
2022/9/2 17:15,riding
2022/9/2 17:27,walking
2022/9/2 17:29,bathroom
2022/9/2 17:32,walking
2022/9/2 17:34,sitting
2022/9/2 18:38,lying
2022/9/2 18:49,sitting
2022/9/2 18:52,walking
2022/9/2 18:53,bathroom
2022/9/2 19:08,walking
2022/9/2 19:09,other
2022/9/2 19:15,lying
2022/9/2 19:49,other
2022/9/2 19:57,eating
2022/9/2 20:15,sitting
2022/9/2 20:46,eating
2022/9/2 20:59,lying
2022/9/2 21:40,walking
2022/9/2 21:42,sitting
2022/9/2 22:27,using_computer
2022/9/4 11:45,walking
2022/9/4 11:52,other
2022/9/4 12:21,walking
2022/9/4 12:34,standing
2022/9/4 13:00,sitting
2022/9/4 13:26,walking
2022/9/4 13:48,other
2022/9/4 15:38,walking
2022/9/4 15:41,bathroom
2022/9/4 15:46,walking
2022/9/4 16:04,sitting
2022/9/4 16:06,using_computer
2022/9/4 16:22,walking
2022/9/4 16:35,driving
2022/9/4 16:58,walking
2022/9/4 17:05,sitting
2022/9/4 17:17,walking
2022/9/4 17:28,sitting
2022/9/4 18:34,walking
2022/9/4 18:36,eating
2022/9/4 18:52,sitting
2022/9/4 19:51,walking
2022/9/4 19:57,standing
2022/9/4 20:00,walking
2022/9/4 20:01,sitting
2022/9/4 20:09,driving
2022/9/4 20:31,walking
2022/9/4 20:40,sitting
2022/9/4 20:56,walking
2022/9/4 20:57,driving
2022/9/4 23:02,lying
2022/9/5 14:41,walking
2022/9/5 14:49,jogging
2022/9/5 14:51,walking
2022/9/5 14:56,sitting
2022/9/5 15:00,walking
2022/9/5 15:06,sitting
2022/9/5 15:08,eating
2022/9/5 15:26,sitting
2022/9/5 17:07,bathroom
2022/9/5 17:15,walking
2022/9/5 17:16,lying
2022/9/5 19:26,walking
2022/9/5 19:55,sitting
2022/9/5 19:56,eating
2022/9/5 20:10,sitting
2022/9/5 22:03,other
2022/9/5 22:06,other
2022/9/5 22:10,walking
2022/9/5 22:11,sitting
2022/9/6 14:44,using_computer
2022/9/6 15:52,other
2022/9/6 15:56,walking
2022/9/6 16:00,riding
2022/9/6 16:04,standing
2022/9/6 16:10,walking
2022/9/6 16:19,riding
2022/9/6 16:24,walking
2022/9/6 16:27,riding
2022/9/6 16:28,other
2022/9/6 16:30,riding
2022/9/6 16:34,walking
2022/9/6 16:38,riding
2022/9/6 16:43,walking
2022/9/6 16:45,eating
2022/9/6 17:04,sitting
2022/9/6 17:13,using_computer
2022/9/6 18:04,walking
2022/9/6 18:05,bathroom
2022/9/6 18:14,walking
2022/9/6 18:16,sitting
2022/9/6 19:19,lying
2022/9/6 21:05,other
2022/9/6 21:13,lying
2022/9/6 21:16,bathroom
2022/9/6 21:19,walking
2022/9/6 21:25,sitting
2022/9/6 21:29,walking
2022/9/6 21:43,sitting
2022/9/6 22:39,using_computer
2022/9/7 12:45,other
2022/9/7 12:48,walking
2022/9/7 12:52,riding
2022/9/7 12:55,walking
2022/9/7 13:06,riding
2022/9/7 13:16,sitting
2022/9/7 13:21,standing
2022/9/7 13:23,sitting
2022/9/7 13:28,riding
2022/9/7 13:35,walking
2022/9/7 13:36,eating
2022/9/7 14:00,sitting
2022/9/7 14:15,walking
2022/9/7 14:16,bathroom
2022/9/7 14:23,walking
2022/9/7 14:43,lying
2022/9/7 16:32,using_computer
2022/9/7 19:22,walking
2022/9/7 19:23,bathroom
2022/9/7 19:24,walking
2022/9/7 19:25,sitting
2022/9/7 19:41,walking
2022/9/7 19:42,bathroom
2022/9/7 19:52,walking
2022/9/7 19:54,sitting
2022/9/7 21:45,using_computer
2022/9/7 22:37,other
2022/9/7 22:39,walking
2022/9/7 22:42,sitting
2022/9/8 09:11,walking
2022/9/8 09:21,riding
2022/9/8 10:05,walking
2022/9/8 10:36,other
2022/9/8 10:40,walking
2022/9/8 10:47,standing
2022/9/8 10:53,other
2022/9/8 10:59,walking
2022/9/8 11:03,standing
2022/9/8 11:20,walking
2022/9/8 11:32,sitting
2022/9/8 12:11,walking
2022/9/8 12:24,sitting
2022/9/8 12:29,walking
2022/9/8 15:02,walking
2022/9/8 15:11,sitting
2022/9/8 15:18,walking
2022/9/8 15:19,other
2022/9/8 15:34,walking
2022/9/8 16:16,sitting
2022/9/8 16:22,walking
2022/9/8 16:43,riding
2022/9/8 17:16,walking
2022/9/8 18:35,walking
2022/9/8 18:37,riding
2022/9/8 18:53,walking
2022/9/8 19:01,sitting
2022/9/8 19:21,eating
2022/9/8 22:55,lying
2022/9/9 13:49,using_computer
2022/9/9 14:47,walking
2022/9/9 14:48,lying
2022/9/9 14:58,bathroom
2022/9/9 15:06,walking
2022/9/9 15:07,lying
2022/9/9 15:46,walking
2022/9/9 16:57,using_computer
2022/9/9 17:16,lying
2022/9/9 18:54,sitting
2022/9/9 19:12,bathroom
2022/9/9 19:13,walking
2022/9/9 19:20,other
2022/9/9 19:29,walking
2022/9/9 19:36,sitting
2022/9/9 19:54,walking
2022/9/9 19:56,sitting
2022/9/9 20:50,walking
2022/9/9 20:54,other
2022/9/9 21:00,walking
2022/9/9 21:03,sitting
2022/9/9 21:10,lying
2022/9/9 22:58,using_computer
2022/9/9 23:08,lying
2022/9/10 08:23,walking
2022/9/10 08:52,sitting
2022/9/10 08:53,eating
2022/9/10 09:27,sitting
2022/9/10 09:35,lying
2022/9/10 09:54,bathroom
2022/9/10 10:04,lying
2022/9/10 12:53,bathroom
2022/9/10 12:58,other
2022/9/10 13:01,sitting
2022/9/10 13:15,walking
2022/9/10 13:19,other
2022/9/10 13:37,walking
2022/9/10 14:11,other
2022/9/10 14:31,walking
2022/9/10 14:34,sitting
2022/9/10 14:35,eating
2022/9/10 14:54,sitting
2022/9/10 15:04,lying
2022/9/10 17:10,sleeping
2022/9/10 18:22,lying
2022/9/10 19:00,bathroom
2022/9/10 19:09,walking
2022/9/10 19:12,sitting
2022/9/10 19:25,eating
2022/9/10 20:53,other
2022/9/10 21:35,bathroom
2022/9/10 21:45,lying
2022/9/12 08:58,walking
2022/9/12 09:03,other
2022/9/12 09:53,walking
2022/9/12 10:24,other
2022/9/12 10:45,walking
2022/9/12 10:53,sitting
2022/9/12 11:21,other
2022/9/12 11:39,lying
2022/9/12 12:39,eating
2022/9/12 12:52,sitting
2022/9/12 13:08,walking
2022/9/12 13:09,using_computer
2022/9/12 15:28,bathroom
2022/9/12 15:29,lying
2022/9/12 16:46,walking
2022/9/12 16:48,sitting
2022/9/12 17:08,walking
2022/9/12 17:28,sitting
2022/9/12 18:06,sitting
2022/9/12 18:07,eating
2022/9/12 18:24,sitting
2022/9/12 18:38,bathroom
2022/9/12 19:13,using_computer
2022/9/12 20:29,other
2022/9/12 22:11,sitting
2022/9/12 22:32,lying
2022/9/12 23:15,brush_teeth
2022/9/12 23:17,walking
2022/9/12 23:18,standing
2022/9/12 23:19,lying
2022/9/13 15:39,using_computer
2022/9/13 17:28,lying
2022/9/13 17:40,sleeping
2022/9/13 18:53,lying
2022/9/13 19:15,bathroom
2022/9/13 19:18,sitting
2022/9/13 19:29,walking
2022/9/13 19:32,driving
2022/9/13 20:03,walking
2022/9/13 20:05,sitting
2022/9/13 20:07,eating
2022/9/13 20:27,sitting
2022/9/13 20:43,sitting
2022/9/13 20:44,using_computer
2022/9/14 12:31,using_computer
2022/9/14 13:46,walking
2022/9/14 13:48,sitting
2022/9/14 15:06,lying
2022/9/15 10:58,sitting
2022/9/15 11:16,walking
2022/9/15 11:33,sitting
2022/9/15 11:34,walking
2022/9/15 11:44,standing
2022/9/15 12:09,sitting
2022/9/15 12:14,eating
2022/9/15 13:53,using_computer
2022/9/15 14:07,bathroom
2022/9/15 14:13,sitting
2022/9/15 14:58,bathroom
2022/9/15 15:16,sitting
2022/9/15 15:21,walking
2022/9/15 15:42,sitting
2022/9/15 16:17,walking
2022/9/15 16:28,sitting
2022/9/15 16:29,walking
2022/9/15 16:44,sitting
2022/9/15 16:46,eating
2022/9/15 16:59,walking
2022/9/15 17:35,bathroom
2022/9/15 17:37,eating
2022/9/15 17:46,walking
2022/9/15 17:49,other
2022/9/15 19:28,walking
2022/9/15 19:31,sitting
2022/9/15 19:32,eating
2022/9/15 20:01,walking
2022/9/15 20:03,lying
2022/9/16 12:52,using_computer
2022/9/16 14:27,bathroom
2022/9/16 14:33,other
2022/9/16 14:39,walking
2022/9/16 14:42,riding
2022/9/16 14:56,walking
2022/9/16 15:00,using_computer
2022/9/16 16:30,walking
2022/9/16 16:36,sitting
2022/9/16 16:42,lying
2022/9/16 18:00,sitting
2022/9/16 18:33,walking
2022/9/16 18:35,other
2022/9/16 19:04,walking
2022/9/16 19:23,eating
2022/9/16 19:31,walking
2022/9/16 19:37,other
2022/9/16 19:49,walking
2022/9/16 19:51,eating
2022/9/16 20:02,bathroom
2022/9/16 20:17,eating
2022/9/16 20:32,sitting
2022/9/16 22:03,lying
2022/9/17 12:30,sitting
2022/9/17 12:34,lying
2022/9/17 12:50,using_computer
2022/9/17 13:27,eating
2022/9/17 13:45,bathroom
2022/9/17 13:59,using_computer
2022/9/17 14:58,sitting
2022/9/17 15:10,walking
2022/9/17 15:16,driving
2022/9/17 15:53,walking
2022/9/17 15:57,riding_bicycle
2022/9/17 17:07,walking
2022/9/17 17:17,riding_bicycle
2022/9/17 18:26,walking
2022/9/17 18:27,driving
2022/9/17 18:37,walking
2022/9/17 18:47,sitting
2022/9/17 18:50,eating
2022/9/17 19:12,walking
2022/9/17 19:20,driving
2022/9/17 20:02,walking
2022/9/17 20:04,sitting
2022/9/17 20:55,using_computer
2022/9/18 14:03,walking
2022/9/18 14:07,sitting
2022/9/18 14:39,eating
2022/9/18 15:10,sitting
2022/9/18 15:17,bathroom
2022/9/18 15:28,walking
2022/9/18 15:40,sitting
2022/9/18 15:48,walking
2022/9/18 15:56,driving
2022/9/18 16:18,walking
2022/9/18 16:23,sitting
2022/9/18 18:05,walking
2022/9/18 18:07,eating
2022/9/18 18:25,sitting
2022/9/18 19:52,walking
2022/9/18 19:56,driving
2022/9/18 21:00,walking
2022/9/18 21:02,sitting
2022/9/18 22:44,lying
2022/9/19 09:04,walking
2022/9/19 09:08,other
2022/9/19 09:47,walking
2022/9/19 09:48,upstairs
2022/9/19 09:49,walking
2022/9/19 09:51,downstairs
2022/9/19 09:52,walking
2022/9/19 09:54,sitting
2022/9/19 11:50,walking
2022/9/19 11:52,driving
2022/9/19 12:20,walking
2022/9/19 12:21,sitting
2022/9/19 12:27,eating
2022/9/19 12:39,walking
2022/9/19 12:41,driving
2022/9/19 13:02,walking
2022/9/19 13:06,sitting
2022/9/19 13:41,bathroom
2022/9/19 13:47,lying
2022/9/19 15:00,using_computer
2022/9/19 16:46,lying
2022/9/19 18:20,bathroom
2022/9/19 18:23,lying
2022/9/19 18:34,walking
2022/9/19 18:39,driving
2022/9/19 19:08,walking
2022/9/19 19:11,standing
2022/9/19 19:19,walking
2022/9/19 19:32,eating
2022/9/19 19:49,walking
2022/9/19 20:06,bathroom
2022/9/19 20:14,walking
2022/9/21 12:48,walking
2022/9/21 13:08,standing
2022/9/21 13:17,walking
2022/9/21 13:24,sitting
2022/9/21 13:26,eating
2022/9/21 13:59,bathroom
2022/9/21 14:16,walking
2022/9/21 14:57,sitting
2022/9/21 15:07,walking
2022/9/21 15:12,driving
2022/9/21 15:46,walking
2022/9/21 15:51,sitting
2022/9/21 15:52,upstairs
2022/9/21 15:54,sitting
2022/9/21 16:08,using_computer
2022/9/21 18:03,eating
2022/9/21 18:40,using_computer
2022/9/21 19:27,walking
2022/9/21 19:32,driving
2022/9/21 20:10,walking
2022/9/21 20:13,bathroom
2022/9/21 20:22,sitting
2022/9/21 20:27,walking
2022/9/21 20:53,sitting
2022/9/22 12:28,sitting
2022/9/22 12:30,other
2022/9/22 12:32,bathroom
2022/9/22 12:33,walking
2022/9/22 12:40,riding
2022/9/22 12:59,walking
2022/9/22 13:08,riding
2022/9/22 13:10,walking
2022/9/22 13:14,sitting
2022/9/22 13:15,eating
2022/9/22 13:45,bathroom
2022/9/22 13:58,walking
2022/9/22 14:01,using_computer
2022/9/22 18:50,bathroom
2022/9/22 19:07,using_computer
2022/9/22 19:47,walking
2022/9/22 19:51,riding
2022/9/22 19:55,walking
2022/9/22 20:06,riding
2022/9/22 20:21,standing
2022/9/22 20:24,riding
2022/9/22 20:32,walking
2022/9/22 20:35,eating
2022/9/22 20:59,sitting
2022/9/22 22:10,bathroom
2022/9/22 22:20,sitting
2022/9/24 12:37,walking
2022/9/24 12:39,driving
2022/9/24 13:07,walking
2022/9/24 13:08,sitting
2022/9/24 13:17,eating
2022/9/24 13:37,sitting
2022/9/24 13:40,driving
2022/9/24 14:08,walking
2022/9/24 14:10,bathroom
2022/9/24 14:24,walking
2022/9/24 14:25,sitting
2022/9/24 15:57,using_computer
2022/9/24 16:28,walking
2022/9/24 16:32,driving
2022/9/24 16:49,sitting
2022/9/24 19:19,eating
2022/9/24 19:58,sitting
2022/9/25 13:19,sitting
2022/9/25 13:22,walking
2022/9/25 13:25,other
2022/9/25 13:30,walking
2022/9/25 13:33,sitting
2022/9/25 14:01,eating
2022/9/25 15:00,walking
2022/9/25 15:02,other
2022/9/25 15:07,walking
2022/9/25 15:10,bathroom
2022/9/25 15:17,using_computer
2022/9/25 15:30,walking
2022/9/25 15:33,other
2022/9/25 15:44,walking
2022/9/25 15:45,sitting
2022/9/25 16:01,other
2022/9/25 16:31,walking
2022/9/25 16:35,sitting
2022/9/25 18:15,eating
2022/9/25 18:28,sitting
2022/9/25 19:10,walking
2022/9/25 19:35,other
2022/9/25 20:00,walking
2022/9/25 20:02,sitting
2022/9/25 20:16,other
2022/9/25 20:28,walking
2022/9/25 20:58,using_computer
2022/9/26 09:19,walking
2022/9/26 09:24,other
2022/9/26 09:59,walking
2022/9/26 10:03,sitting
2022/9/26 11:55,walking
2022/9/26 11:57,driving
2022/9/26 12:49,walking
2022/9/26 12:52,eating
2022/9/26 13:12,bathroom
2022/9/26 13:19,walking
2022/9/26 13:20,sitting
2022/9/26 14:08,lying
2022/9/26 17:31,walking
2022/9/26 17:34,driving
2022/9/26 17:46,sitting
2022/9/26 17:55,eating
2022/9/26 18:05,sitting
2022/9/26 19:18,driving
2022/9/26 19:29,walking
2022/9/26 19:32,sitting
2022/9/26 21:00,bathroom
2022/9/26 21:09,walking
2022/9/26 21:30,lying
2022/9/26 22:12,sitting
2022/9/26 22:16,eating
2022/9/26 22:40,walking
2022/9/26 23:00,lying
2022/9/26 23:23,using_computer
2022/9/27 13:17,using_computer
2022/9/27 14:54,sitting
2022/9/27 14:56,lying
2022/9/27 16:47,walking
2022/9/27 17:19,sitting
2022/9/27 18:40,bathroom
2022/9/27 18:41,sitting
2022/9/27 19:00,eating
2022/9/27 19:41,sitting
2022/9/27 19:53,bathroom
2022/9/27 20:10,lying
2022/9/28 07:25,walking
2022/9/28 07:44,standing
2022/9/28 07:50,walking
2022/9/28 07:56,sitting
2022/9/28 07:57,eating
2022/9/28 08:19,sitting
2022/9/28 09:54,bathroom
2022/9/28 10:04,sitting
2022/9/28 11:42,lying
2022/9/28 14:11,bathroom
2022/9/28 14:16,lying
2022/9/28 15:52,using_computer
2022/9/28 16:32,eating
2022/9/28 18:06,sitting
2022/9/28 18:18,bathroom
2022/9/28 18:20,using_computer
2022/9/28 21:43,walking
2022/9/28 21:46,riding
2022/9/28 21:50,walking
2022/9/28 22:04,riding
2022/9/28 22:08,walking
2022/9/28 22:27,using_computer
2022/9/29 14:35,walking
2022/9/29 14:47,sitting
2022/9/29 14:53,walking
2022/9/29 14:57,standing
2022/9/29 15:04,walking
2022/9/29 15:07,sitting
2022/9/29 15:10,eating
2022/9/29 15:28,sitting
2022/9/29 18:01,using_computer
2022/9/29 18:08,bathroom
2022/9/29 18:19,using_computer
2022/9/29 20:24,walking
2022/9/29 20:46,sitting
2022/9/29 20:47,eating
2022/9/29 21:22,sitting
2022/9/29 22:08,lying
2022/9/29 22:42,bathroom
2022/9/29 22:57,walking
2022/9/29 23:05,using_computer
2022/9/30 16:30,walking
2022/9/30 16:50,sitting
2022/9/30 22:52,using_computer
2022/10/1 16:53,walking
2022/10/1 16:55,sitting
2022/10/1 17:10,walking
2022/10/1 17:13,driving
2022/10/1 17:26,walking
2022/10/1 17:28,sitting
2022/10/1 19:37,eating
2022/10/1 20:25,sitting
2022/10/1 22:10,driving
2022/10/1 22:24,walking
2022/10/1 22:26,sitting
2022/10/1 23:21,walking
2022/10/2 12:42,walking
2022/10/2 12:44,driving
2022/10/2 13:01,walking
2022/10/2 13:34,driving
2022/10/2 13:54,walking
2022/10/2 13:56,sitting
2022/10/2 14:02,eating
2022/10/2 14:35,bathroom
2022/10/2 14:42,sitting
2022/10/2 16:09,lying
2022/10/2 16:19,walking
2022/10/2 16:23,driving
2022/10/2 16:43,walking
2022/10/2 16:49,sitting
2022/10/2 19:46,walking
2022/10/2 19:53,driving
2022/10/2 20:18,walking
2022/10/2 20:19,sitting
2022/10/2 20:34,driving
2022/10/2 20:52,walking
2022/10/2 20:54,using_computer
2022/10/3 20:01,using_computer
2022/10/4 14:27,lying
2022/10/4 18:35,walking
2022/10/4 18:38,bathroom
2022/10/4 18:39,walking
2022/10/4 18:46,riding
2022/10/4 18:58,walking
2022/10/4 19:17,sitting
2022/10/4 19:31,walking
2022/10/4 19:37,riding
2022/10/4 19:49,walking
2022/10/4 19:51,eating
2022/10/4 20:33,sitting
2022/10/4 20:19,bathroom
2022/10/4 20:45,using_computer
2022/10/5 08:17,walking
2022/10/5 08:34,standing
2022/10/5 08:41,walking
2022/10/5 08:46,sitting
2022/10/5 08:47,eating
2022/10/5 09:04,sitting
2022/10/5 10:16,lying
2022/10/5 14:49,walking
2022/10/5 14:53,driving
2022/10/5 15:17,walking
2022/10/5 15:26,using_computer
2022/10/5 15:48,bathroom
2022/10/5 15:55,using_computer
2022/10/5 18:05,walking
2022/10/5 18:22,sitting
2022/10/5 18:35,walking
2022/10/5 18:46,eating
2022/10/5 19:37,sitting
2022/10/5 19:39,lying
2022/10/6 13:27,walking
2022/10/6 13:50,sitting
2022/10/6 13:52,eating
2022/10/6 14:01,sitting
2022/10/6 14:12,bathroom
2022/10/6 14:28,walking
2022/10/6 14:34,driving
2022/10/6 15:13,walking
2022/10/6 15:32,driving
2022/10/6 16:21,walking
2022/10/6 16:23,sitting
2022/10/6 18:02,bathroom
2022/10/6 18:04,walking
2022/10/6 18:09,riding
2022/10/6 18:46,walking
2022/10/6 20:46,using_computer
2022/10/7 06:12,walking
2022/10/7 06:17,riding
2022/10/7 06:20,standing
2022/10/7 06:33,riding
2022/10/7 06:56,walking
2022/10/7 06:58,eating
2022/10/7 07:27,lying
2022/10/7 14:39,walking
2022/10/7 14:41,using_computer
2022/10/7 17:10,walking
2022/10/7 17:14,driving
2022/10/7 17:17,walking
2022/10/7 17:29,using_computer
2022/10/8 10:49,walking
2022/10/8 10:54,other
2022/10/8 11:06,standing
2022/10/8 11:13,sitting
2022/10/8 11:21,walking
2022/10/8 11:25,sitting
2022/10/8 11:36,other
2022/10/8 11:38,walking
2022/10/8 12:09,sitting
2022/10/8 12:11,eating
2022/10/8 12:30,sitting
2022/10/8 13:22,using_computer
2022/10/8 16:24,walking
2022/10/8 17:05,other
2022/10/8 17:16,sitting
2022/10/8 19:04,eating
2022/10/8 20:05,sitting
2022/10/8 20:40,walking
2022/10/8 20:44,driving
2022/10/8 20:55,walking
2022/10/8 20:58,bathroom
2022/10/8 21:03,sitting
2022/10/8 22:00,using_computer
2022/10/10 19:06,walking
2022/10/10 19:10,driving
2022/10/10 19:24,walking
2022/10/10 19:26,sitting
2022/10/10 19:36,eating
2022/10/10 19:54,walking
2022/10/10 19:56,driving
2022/10/10 20:05,walking
2022/10/10 20:07,sitting
2022/10/10 20:33,bathroom
2022/10/10 20:52,walking
2022/10/10 21:00,using_computer
2022/10/11 22:36,using_computer
2022/10/12 14:53,walking
2022/10/12 14:55,driving
2022/10/12 15:15,walking
2022/10/12 15:19,using_computer
2022/10/12 15:25,bathroom
2022/10/12 15:33,using_computer
2022/10/12 18:15,walking
2022/10/12 18:53,eating
2022/10/12 19:34,sitting
2022/10/12 19:43,using_computer
2022/10/13 09:41,sitting
2022/10/13 10:51,walking
2022/10/13 11:17,sitting
2022/10/13 11:19,eating
2022/10/13 11:42,sitting
2022/10/13 12:14,using_computer
2022/10/13 12:56,bathroom
2022/10/13 13:12,using_computer
2022/10/13 17:27,walking
2022/10/13 17:44,standing
2022/10/13 17:50,walking
2022/10/13 17:55,eating
2022/10/13 18:21,sitting
2022/10/15 11:36,using_computer
2022/10/15 12:53,sitting
2022/10/15 13:03,eating
2022/10/15 13:42,sitting
2022/10/15 14:56,bathroom
2022/10/15 15:07,sitting
2022/10/15 15:10,lying
2022/10/15 17:17,walking
2022/10/15 17:22,driving
2022/10/15 17:37,sitting
2022/10/16 11:21,using_computer
2022/10/16 12:11,walking
2022/10/16 12:14,driving
2022/10/16 12:34,walking
2022/10/16 13:14,driving
2022/10/16 13:48,walking
2022/10/16 13:51,eating
2022/10/16 14:18,bathroom
2022/10/16 14:19,sitting
2022/10/16 16:12,standing
2022/10/16 16:15,walking
2022/10/16 16:18,driving
2022/10/16 16:39,walking
2022/10/16 16:42,sitting
2022/10/16 17:49,eating
2022/10/16 17:55,sitting
2022/10/16 18:56,driving
2022/10/16 19:20,sitting
2022/10/16 20:29,standing
2022/10/16 20:31,driving
2022/10/16 20:54,walking
2022/10/16 21:40,using_computer
2022/10/17 09:07,walking
2022/10/17 09:10,other
2022/10/17 09:51,walking
2022/10/17 09:54,sitting
2022/10/17 09:57,walking
2022/10/17 10:00,sitting
2022/10/17 11:09,walking
2022/10/17 11:15,sitting
2022/10/17 11:50,walking
2022/10/17 11:51,driving
2022/10/17 12:51,walking
2022/10/17 12:53,bathroom
2022/10/17 12:55,sitting
2022/10/17 12:57,eating
2022/10/17 13:24,sitting
2022/10/18 14:05,bathroom
2022/10/18 14:16,walking
2022/10/18 14:46,using_computer
2022/10/18 14:52,bathroom
2022/10/18 15:12,using_computer
2022/10/18 18:19,eating
2022/10/18 18:42,sitting
2022/10/18 21:55,using_computer
2022/10/19 15:20,lying
2022/10/19 15:32,bathroom
2022/10/19 15:47,walking
2022/10/19 16:16,other
2022/10/19 18:01,sitting
2022/10/19 18:18,eating
2022/10/19 18:33,sitting
2022/10/19 18:38,walking
2022/10/19 20:06,sitting
2022/10/20 11:52,walking
2022/10/20 12:10,sitting
2022/10/20 12:28,eating
2022/10/20 12:38,walking
2022/10/20 13:32,sitting
2022/10/20 14:40,bathroom
2022/10/20 14:58,sitting
2022/10/20 15:03,lying
2022/10/20 16:51,sitting
2022/10/22 15:09,using_computer
2022/10/22 16:59,lying
2022/10/22 17:33,walking
2022/10/22 17:38,other
2022/10/22 17:55,sitting
2022/10/22 18:22,eating
2022/10/22 19:30,sitting
2022/10/22 23:40,driving
2022/10/22 23:58,walking
2022/10/24 09:18,walking
2022/10/24 10:01,sitting
2022/10/24 11:53,walking
2022/10/24 11:55,driving
2022/10/24 12:23,walking
2022/10/24 12:31,sitting
2022/10/24 12:40,eating
2022/10/24 12:52,walking
2022/10/24 12:55,driving
2022/10/24 13:40,walking
2022/10/24 13:43,bathroom
2022/10/24 13:56,walking
2022/10/24 14:00,using_computer
2022/10/26 15:37,using_computer
2022/10/26 18:14,sitting
2022/10/26 18:18,eating
2022/10/26 18:58,sitting
2022/10/26 20:15,walking
2022/10/26 20:17,riding
2022/10/26 20:26,standing
2022/10/26 20:33,riding
2022/10/26 20:37,walking
2022/10/26 22:03,using_computer
2022/10/27 14:10,walking
2022/10/27 14:17,standing
2022/10/27 14:24,walking
2022/10/27 14:42,eating
2022/10/27 15:18,bathroom
2022/10/27 15:32,sitting
2022/10/27 16:50,bathroom
2022/10/27 17:06,using_computer
2022/10/27 19:10,walking
2022/10/27 19:13,riding
2022/10/27 19:17,walking
2022/10/27 19:25,riding
2022/10/27 19:35,standing
2022/10/27 19:40,riding
2022/10/27 19:47,eating
2022/10/27 20:19,using_computer
2022/10/28 14:56,walking
2022/10/28 15:12,sitting
2022/10/28 15:15,walking
2022/10/28 15:22,eating
2022/10/28 15:35,sitting
2022/10/28 16:22,using_computer
2022/10/28 16:51,walking
2022/10/28 16:54,driving
2022/10/28 16:56,walking
2022/10/28 16:58,standing
2022/10/28 17:01,walking
2022/10/28 17:07,bathroom
2022/10/28 17:18,using_computer
2022/10/28 19:51,sitting
2022/10/28 20:15,eating
2022/10/28 20:48,walking
2022/10/28 21:20,sitting
2022/10/28 22:10,lying
2022/10/28 22:16,sitting
2022/10/28 22:19,lying
2022/10/28 23:24,using_computer
2022/10/29 15:00,using_computer
2022/10/29 15:02,bathroom
2022/10/29 15:10,using_computer
2022/10/29 17:02,walking
2022/10/29 17:05,driving
2022/10/29 17:17,sitting
2022/10/29 18:00,eating
2022/10/29 18:42,sitting
2022/10/29 19:58,driving
2022/10/29 20:10,walking
2022/10/29 20:13,bathroom
2022/10/29 20:15,sitting
2022/10/29 21:29,using_computer
2022/10/29 23:13,lying
2022/10/30 12:37,walking
2022/10/30 12:42,driving
2022/10/30 13:12,walking
2022/10/30 13:59,other
2022/10/30 14:22,walking
2022/10/30 14:31,eating
2022/10/30 14:40,sitting
2022/10/30 15:20,using_computer
2022/10/30 15:29,lying
2022/10/30 16:19,walking
2022/10/30 16:22,driving
2022/10/30 16:45,walking
2022/10/30 16:46,sitting
2022/10/30 19:24,walking
2022/10/30 19:25,other
2022/10/30 19:50,sitting
2022/10/30 23:18,using_computer
2022/11/1 15:34,using_computer
2022/11/1 18:14,eating
2022/11/1 18:33,sitting
2022/11/1 19:33,bathroom
2022/11/1 19:42,using_computer
2022/11/3 09:27,walking
2022/11/3 09:34,riding
2022/11/3 09:38,standing
2022/11/3 09:49,riding
2022/11/3 10:03,standing
2022/11/3 10:09,riding
2022/11/3 10:12,walking
2022/11/3 10:15,eating
2022/11/3 10:46,sitting
2022/11/3 11:33,bathroom
2022/11/3 11:44,sitting
2022/11/3 12:39,using_computer
2022/11/3 14:10,bathroom
2022/11/3 14:19,using_computer
2022/11/3 14:54,walking
2022/11/3 14:57,driving
2022/11/3 15:30,walking
2022/11/3 15:52,driving
2022/11/3 16:31,walking
2022/11/3 16:34,sitting
2022/11/3 17:13,walking
2022/11/3 17:16,riding
2022/11/3 17:35,walking
2022/11/3 17:39,eating
2022/11/3 18:00,sitting
2022/11/3 18:07,lying
2022/11/3 18:49,using_computer
2022/11/3 21:41,walking
2022/11/3 22:02,standing
2022/11/3 22:09,walking
2022/11/3 22:16,eating
2022/11/3 22:55,sitting
2022/11/3 22:57,lying
2022/11/4 15:34,walking
2022/11/4 15:38,driving
2022/11/4 15:40,walking
2022/11/4 15:44,standing
2022/11/4 15:46,walking
2022/11/4 16:02,standing
2022/11/4 16:10,walking
2022/11/4 16:16,sitting
2022/11/4 16:18,eating
2022/11/4 16:46,sitting
2022/11/4 17:47,lying
2022/11/4 19:45,eating
2022/11/4 20:09,sitting
2022/11/4 20:12,bathroom
2022/11/4 20:33,lying
2022/11/4 20:44,sitting
2022/11/4 21:17,using_computer
2022/11/4 22:18,bathroom
2022/11/4 22:24,lying
2022/11/5 15:43,using_computer
2022/11/5 16:58,bathroom
2022/11/5 17:12,using_computer
2022/11/5 17:20,lying
2022/11/5 18:00,walking
2022/11/5 18:04,driving
2022/11/5 18:17,sitting
2022/11/5 19:05,eating
2022/11/5 19:19,sitting
2022/11/5 23:26,bathroom
2022/11/5 23:31,sitting
2022/11/5 23:47,eating
2022/11/6 13:01,walking
2022/11/6 13:04,driving
2022/11/6 13:33,walking
2022/11/6 13:59,eating
2022/11/6 14:30,walking
2022/11/6 15:20,walking
2022/11/6 18:49,eating
2022/11/6 19:30,sitting
2022/11/6 20:38,using_computer
2022/11/9 14:47,walking
2022/11/9 14:56,driving
2022/11/9 15:11,walking
2022/11/9 15:13,using_computer
2022/11/9 17:52,walking
2022/11/9 18:06,standing
2022/11/9 18:14,walking
2022/11/9 18:21,eating
2022/11/9 19:01,bathroom
2022/11/9 19:16,using_computer
2022/11/10 07:31,walking
2022/11/10 07:34,riding
2022/11/10 08:08,walking
2022/11/10 08:13,eating
2022/11/10 08:30,sitting
2022/11/10 09:12,lying
2022/11/10 16:08,bathroom
2022/11/10 16:26,sitting
2022/11/10 16:49,using_computer
2022/11/10 21:10,walking
2022/11/10 21:29,eating
2022/11/10 22:28,using_computer
2022/11/11 13:39,walking
2022/11/11 14:58,sitting
2022/11/11 15:28,walking
2022/11/11 15:48,driving
2022/11/11 15:51,walking
2022/11/11 16:29,eating
2022/11/11 16:58,sitting
2022/11/11 18:30,using_computer
2022/11/11 20:15,sitting
2022/11/11 20:26,eating
2022/11/11 20:40,sitting
2022/11/11 20:45,bathroom
2022/11/11 21:06,lying
2022/11/11 23:11,using_computer
2022/11/12 17:00,sitting
2022/11/12 17:14,walking
2022/11/12 17:19,driving
2022/11/12 17:33,sitting
2022/11/12 18:09,eating
2022/11/12 18:26,sitting
2022/11/12 22:39,driving
2022/11/12 22:58,walking
2022/11/12 23:02,sitting
2022/11/12 23:30,eating
2022/11/12 23:59,sitting
2022/11/13 08:38,walking
2022/11/13 08:56,standing
2022/11/13 09:08,walking
2022/11/13 09:14,eating
2022/11/13 09:45,sitting
2022/11/13 10:34,lying
2022/11/13 13:33,bathroom
2022/11/13 13:36,sitting
2022/11/13 13:52,using_computer
2022/11/13 15:16,bathroom
2022/11/13 15:26,using_computer
2022/11/13 16:46,sitting
2022/11/13 17:37,walking
2022/11/13 17:39,driving
2022/11/13 18:14,eating
2022/11/13 18:27,sitting
2022/11/13 20:06,driving
2022/11/13 20:36,sitting
2022/11/12 20:46,driving
2022/11/13 21:04,walking
2022/11/13 21:09,using_computer
2022/11/16 11:43,sitting
2022/11/16 14:22,using_computer
2022/11/16 16:13,lying
2022/11/16 18:42,walking
2022/11/16 18:45,other
2022/11/16 19:25,walking
2022/11/16 19:28,eating
2022/11/16 20:13,bathroom
2022/11/16 20:19,sitting
2022/11/16 21:48,using_computer
2022/11/17 14:37,bathroom
2022/11/17 14:42,using_computer
2022/11/19 17:42,using_computer
2022/11/19 17:53,walking
2022/11/19 18:19,sitting
2022/11/19 18:20,eating
2022/11/19 18:32,sitting
2022/11/19 23:05,driving
2022/11/19 23:17,walking
2022/11/19 23:40,eating
2022/11/20 12:27,walking
2022/11/20 12:34,driving
2022/11/20 12:54,walking
2022/11/20 13:33,driving
2022/11/20 14:04,walking
2022/11/20 14:07,eating
2022/11/20 14:41,bathroom
2022/11/20 14:59,using_computer
2022/11/20 16:29,walking
2022/11/20 16:32,driving
2022/11/20 16:56,sitting
2022/11/20 19:13,driving
